Place,Dedication,TowerID,Date,Peal,QuarterPeal,Practice,ServiceRinging,RingingTrip,Notes,,,,,,,,,,,,,,
Rothwell,Holy Trinity,16897,01/09/2011,Y,Y,Y,Y,Y,"Home tower. Calming, old fashioned sounding and generally good",,,,,,,,,,,,,,
Rushton,All Saints,10991,01/08/2013,,,,Y,,"Plain bearings, my first 'grab'",,,,,,,,,,,,,,
Barton Seagrave,St Botolph,14518,01/10/2014,,Y,Y,,Y,"Anticlockwise, used to visit for sporadic practices",,,,,,,,,,,,,,
Kettering,St Peter and Paul,15324,01/08/2015,,,Y,Y,Y,Good church but meh bells. I always enjoyed practices here though.,,,,,,,,,,,,,,
Durham,St Oswald,12379,14/10/2016,Y,Y,Y,Y,,"Ossies, innit",,,,,,,,,,,,,,
Durham,St Cuthbert (Cathedral),16115,20/10/2016,Y,Y,Y,Y,Y,Good tick. Horrible bells inside but exceptionally good outside.,,,,,,,,,,,,,,
Brancepeth,St Brandon,14288,02/11/2016,Y,Y,Y,Y,,My new 'home tower' for longer than anywhere else.,,,,,,,,,,,,,,
Tanfield,St Margaret,12737,05/11/2016,Y,Y,,,Y,First run here as a bad 6 on the first DUSCR tour I was on. Have since been upgraded and Crowtherified.,,,,,,,,,,,,,,
Consett,Christ Church,14176,05/11/2016,,Y,Y,,Y,"Terrible, terrible bells.",,,,,,,,,,,,,,
Lanchester,All Saints,13260,05/11/2016,,,Y,,Y,Very nice bells. Have visited on a trip or two and also a random practice with MHA.,,,,,,,,,,,,,,
Benfieldside,St Cuthbert,11657,05/11/2016,,,,,Y,Tiny ringing chamber.,,,,,,,,,,,,,,
Durham,St Nicholas,10063,04/12/2016,,Y,Y,Y,,"Nics, innit.",,,,,,,,,,,,,,
Saffron Walden,St Mary the Virgin,12985,27/08/2017,,,,Y,,Visited on a Sunday morning after a party at James' house.,,,,,,,,,,,,,,
Staindrop,St Mary,11192,21/10/2017,Y,,,,Y,Church feels like a castle. Very very cold.,,,,,,,,,,,,,,
Shildon,St John,16101,21/10/2017,,,,,Y,Don't like these bells. Once range the tenor kneeling down.,,,,,,,,,,,,,,
Heighington,St Michael,10649,21/10/2017,,,,,Y,"Only GF ring in the D&N. Good old bells, and broke a clock hammer here once.",,,,,,,,,,,,,,
Barnard Castle,St Mary V,13427,21/10/2017,,,,,Y,,,,,,Ringing Trip List:,,,,,,,,,
Richmond,St Mary,12274,21/10/2017,,,,,Y,Smells of IKEA. Like them.,,,,,Name,Location,Date,,,,,,,f
Bishop Auckland,St Andrew,16356,21/10/2017,,,,,Y,,,,,,DUSCR Secretary's Tour 2016,Consett,05/11/2016,,,,,,,
Shincliffe,St Mary the Virgin,16794,24/10/2017,Y,Y,Y,Y,,"Shincliffe, innit. Sound a bit like fireworks.",,,,,Shincliffe Trip 2017,South County Durham,21/10/2017,,,,,,,
Hexham,St Andrew (Abbey),16213,27/11/2017,,,Y,,Y,"I really like these, cool tower access. Range my first London Major here, and fell asleep on DUSCR tour.",,,,,DUSCR Dinner Day Tour 2017,Darlington,02/12/2017,,,,,,,
Hurworth,All Saints,16103,02/12/2017,,,,,Y,,,,,,NUA 2018,York,16-18/11/18,,,,,,,
Darlington,St Cuthbert,15226,02/12/2017,,,,,Y,"Cool tower access, inside the roof",,,,,DUSCR Dinner Day Tour 2018,Hartlepool,01/12/2018,,,,,,,
Roker,St Andrew,11440,20/01/2018,Y,Y,,,Y,Keep ending up back here. Concrete towe with a good view. Deafening but otherwise great.,,,,,DUSCR Treasurer's Tour 2019,Stockton,09/03/2019,,,,,,,
Newcastle upon Tyne,St Nicholas (Cathedral),10887,23/01/2018,,Y,Y,,Y,My first practices on 12. they are missed terribly.,,,,,DUSCR Summer Tour 2019,West London,14-17/6/19,,,,,,,
South Shields,St Hilda,12219,24/02/2018,Y,,,,Y,Completely inaudible.,,,,,Tideswell Trip 2019,Nottinghamshire,10/08/2019,,,,,,,
North Shields,Christ Church,13340,24/02/2018,,Y,,,Y,"Old-fashioned feeling bells. The 9 has two notes, and I like them far more than most.",,,,,Shincliffe Trip 2019,Northumberland,21/10/2019,,,,,,,
Heworth,St Mary,12244,24/02/2018,,,,,Y,"Visited on my Treasurer's tour. Horrible, and the tenor is far too loud.",,,,,NUA 2019,Birmingham,9-11/11/19,,,,,,,
Whitley Bay,St Paul,17001,24/02/2018,,,,,Y,"Quite nice, but the clock case rather gets in the way.",,,,,DUSCR Treasurer's Tour 2020,Darlington,29/02/2020,,,,,,,
Houghton le Spring,St Michael,15992,18/03/2018,,Y,,Y,,Very cold and a bit manky. Unremarkable bells.,,,,,ULSCR Summer Tour 2021,Northamptonshire,14-16/8/21,,,,,,,
Sunderland,St Michael (Minster),15838,11/04/2018,,Y,,,,Stretchy ropes. Interesting building though.,,,,,DUSCR Dinner Day Tour 2021,Newcastle,04/12/2021,,,,,,,
Thorner,St Peter,12249,08/06/2018,,,,,Y,,,,,,YCRG Birmingham Trip ,Birmingham,15/01/2022,,,,,,,
Swillington,St Mary,15572,08/06/2018,,,,,Y,,,,,,DUSCR Treasurer's Tour 2022,York,26/02/2022,,,,,,,
Barwick in Elmet,All Saints,12285,08/06/2018,,,,,Y,,,,,,DUSCR Summer Tour 2022,West Yorkshire/Lancashire,17-20/6/22,,,,,,,
Bramham,All Saints,10423,08/06/2018,,,,,Y,,,,,,Ramblers Leftover Tour 2022,North Yorkshire Coast,08/08/2022,,,,,,,
Kirk Deighton,All Saints,11110,08/06/2018,,,,,Y,,,,,,DUSCR Secretary's Tour 2022,South County Durham,22/10/2022,,,,,,,
Leeds,St Peter (Minster),13165,09/06/2018,Y,,Y,Y,Y,"My first >40cwt bell. Difficult, but worth the effort.",,,,,NUA 2022,Manchester,18-20/11/22,,,,,,,
Leeds,St Anne (Cathedral),11425,09/06/2018,Y,Y,Y,Y,Y,Been here many many times. Smells of wee due to pre-peal activities.,,,,,DUSCR Dinner Day Tour 2022,Darlington,03/12/2022,,,,,,,
Far Headingley,St Chad,11181,09/06/2018,Y,Y,Y,,Y,Nice big heavy 8 with pleasant surroundings.,,,,,DUSCR Summer Tour 2023,Northamptonshire,16-18/6/23,,,,,,,
Upper Armley,Christ Church,11983,09/06/2018,,,,,Y,I was crucified outside this one.,,,,,,,,,,,,,,
Burley,St Matthias,14977,09/06/2018,,Y,Y,Y,Y,LUSCR home tower. Visited many times as a result of AEB.,,,,,DUSCR Dinner Day Tour 2023,Sunderland,02/12/2023,,,,,,,
Headingley,St Michael and All Angels,16033,09/06/2018,,,Y,,Y,Difficult bells but quite an impressive church.,,,,,Tideswell Winter Trip 2024,North Yorkshire,06/01/2024,,,,,,,
Birstall,St Peter,13433,10/06/2018,Y,,,,Y,Visited on Rachael's tour but also for a very difficult peal with Barrie,,,,,DUSCR Summer Tour 2024,Lake District,6-11/6/24,,,,,,,
Batley,All Saints,10394,10/06/2018,,,,,Y,I ran this tower on Rachael's tour. It had a dangerous-looking rope guide. Also failed a QP of Kent with Barrie et.al. Alice got  parking fine.,,,,,Tideswell Summer Trip 2024,Nottingham/Peak District,9-11/8/24,,,,,,,
Liversedge,Christ Church,15896,10/06/2018,,,,,Y,,,,,,Shincliffe Trip 2024,North Yorkshire,19/10/2024,,,,,,,
Cleckheaton,St John,14438,10/06/2018,,,,,Y,,,,,,DUSCR Secretary's Tour 2024,Tyneside,26/10/2024,,,,,,,
Tong,St James,10959,10/06/2018,,,,,Y,,,,,,DUSCR Dinner Day Tour 2024,Consett and Weardale,07/12/2024,,,,,,,
Chapel Allerton,St Matthew,15958,11/06/2018,,,Y,Y,Y,,,,,,DUSCR Treasurer's Tour 2025,Leeds,15/02/2025,,,,,,,
Harrogate,St Wilfrid,16205,11/06/2018,,,,,Y,One of my favourite churches. Access through the roofspace.,,,,,Sam's Birthday Tour,North Yorkshire Moors,21/03/2025,,,,,,,
Knaresborough,St John the Baptist,12456,11/06/2018,,,,,Y,,,,,,Ossies Trip 2025,Norfolk,2-4/5/25,,,,,,,
North Rigton,St John,12614,11/06/2018,,,,,Y,"Incredibly pretty surroundings, little bells.",,,,,Matthew's 'Let Oliver tick all of Northumberland' Tour,Northumberland,06/06/2025,,,,,,,
Stockton on Tees,St Thomas a Becket,13790,26/06/2018,Y,Y,Y,,Y,"Home of the Northern Cumberland's practices, so have been many times. Superb bells, especially the back 8.",,,,,DUSCR Summer Tour 2025,North Lincolnshire,13-16/6/25,,,,,,,
Orlingbury,St Mary,11014,10/07/2018,,,Y,,,My first 'I have a car now' practice.,,,,,Trip to Lottieland,Lottieland,21/06/2025,,,,,,,
Naseby,All Saints,10666,18/07/2018,,,Y,,,Visited during the world cup semi-final. Difficult 5.,,,,,Tideswell Summer Trip 2025,Derbyshire/Greater Manchester,09/08/2025,,,,,,,
East Carlton,St Peter,16767,28/07/2018,,,,Y,,,,,,,Elizabeth's Southport Trip,Merseyside,15-17/8/25,,,,,,,
Lincoln,Blessed Virgin Mary (Cathedral),12153,02/08/2018,,,Y,,,,,,,,DUSCR Secretary's Tour 2025,Tyne Valley,01/11/2025,,,,,,,
Rushden,St Mary,10504,17/08/2018,,,Y,,,,,,,,DUSCR Dinner Day Tour 2025,Newcastle/North Tyneside,06/12/2025,,,,,,,
Finedon,St Mary the Virgin,12514,30/08/2018,,,Y,,Y,,,,,,Tideswell Winter Trip 2026,Derby,10/01/2026,,,,,,,
Uppingham,St Peter and St Paul,13320,08/09/2018,,,Y,,,,,,,,,,,,,,,,,
Peterborough,"St Peter, Paul and Andrew (Cathedral)",16247,17/09/2018,,,Y,,,,,,,,,,,,,,,,,
York,"St Peter (Cathedral, Minster)",11340,17/11/2018,Y,Y,Y,Y,Y,,,,,,,,,,,,,,,
York,Spurriergate Centre,10509,17/11/2018,,Y,,,Y,,,,,,,,,,,,,,,
Clifton,St Phillip and St James,17058,17/11/2018,,Y,,,Y,,,,,,,,,,,,,,,
York,St Wilfrid,12165,17/11/2018,Y,Y,,Y,Y,,,,,,,,,,,,,,,
York,St Lawrence,16125,18/11/2018,,Y,,Y,Y,,,,,,,,,,,,,,,
Hartlepool,St Oswald,13516,01/12/2018,Y,Y,,,Y,,,,,,,,,,,,,,,
Loughborough,Bell Foundry,10191,10/01/2019,,,,,Y,,,,,,,,,,,,,,,
Frosterley,The Black Bull Inn,14543,18/01/2019,,Y,,,Y,,,,,,,,,,,,,,,
Carlton in Cleveland,St Botolph,11830,09/03/2019,,,,Y,,,,,,,,,,,,,,,,
Thornaby-on-Tees,St Paul,10148,09/03/2019,,,,,Y,,,,,,,,,,,,,,,
Ormesby,St Cuthbert,16078,09/03/2019,,,,,Y,,,,,,,,,,,,,,,
Willington,St Stephen,10094,01/06/2019,,Y,,,,,,,,,,,,,,,,,,
Sunderland,Holy Trinity,12002,13/06/2019,,Y,,,Y,,,,,,,,,,,,,,,
Uxbridge,St Margaret,14402,14/06/2019,,,,,Y,,,,,,,,,,,,,,,
Stamford,St Martin,12129,14/06/2019,,,,,Y,,,,,,,,,,,,,,,
Stamford,All Saints,13596,14/06/2019,,,,,Y,,,,,,,,,,,,,,,
Rickmansworth,St Mary V,15098,15/06/2019,,,,,Y,,,,,,,,,,,,,,,
Watford,St Mary,10317,15/06/2019,,,,,Y,,,,,,,,,,,,,,,
Bushey Heath,St Peter,13858,15/06/2019,,,,,Y,,,,,,,,,,,,,,,
Great Stanmore,St John the Evangelist,10079,15/06/2019,,,,,Y,,,,,,,,,,,,,,,
Pinner,St John the Baptist,15302,15/06/2019,,,,,Y,,,,,,,,,,,,,,,
Chalfont St Giles,St Giles,15717,16/06/2019,,,,,Y,,,,,,,,,,,,,,,
Denham,St Mary,11476,16/06/2019,,,,,Y,,,,,,,,,,,,,,,
Uxbridge,St Andrew,12550,16/06/2019,,,,,Y,,,,,,,,,,,,,,,
Hillingdon,St John the Baptist,15193,16/06/2019,,,,,Y,,,,,,,,,,,,,,,
Ruislip,St Martin,16993,16/06/2019,,,,Y,Y,,,,,,,,,,,,,,,
Ratby,St Phillip and St James,15154,17/06/2019,,,,,Y,,,,,,,,,,,,,,,
Kirkby Muxloe,St Bartholemew,15723,17/06/2019,,,,,Y,,,,,,,,,,,,,,,
Aldenham,St John the Baptist,15828,17/06/2019,,,,,Y,,,,,,,,,,,,,,,
Drighlington,St Paul,10734,20/07/2019,,,,Y,,,,,,,,,,,,,,,,
Halifax,St John the Baptist (Minster),11592,26/07/2019,Y,,Y,,Y,,,,,,,,,,,,,,,
Bramley,St Peter,10218,31/07/2019,,,Y,,,,,,,,,,,,,,,,,
Ripon,St Peter and St Wilfrid (Cathedral),16628,07/08/2019,,,Y,,Y,,,,,,,,,,,,,,,
Mansfield,St Peter and Paul,11387,10/08/2019,,,,,Y,,,,,,,,,,,,,,,
Linby,St Michael,10855,10/08/2019,,,,,Y,,,,,,,,,,,,,,,
Geddington,St Mary Magdalene,10253,13/08/2019,,,Y,,,,,,,,,,,,,,,,,
Towcester,St Laurence,12719,16/08/2019,,,Y,,,,,,,,,,,,,,,,,
Carlisle,Holy Trinity (Cathedral),12329,30/08/2019,,,Y,,Y,"Visited for a practice once, and also on Elizabeth's tour. One of the best tower accesses I've encountered.",,,,,,,,,,,,,,
Little Cornard,All Saints,10437,04/09/2019,,,Y,,,,,,,,,,,,,,,,,
Canterbury,Metropolitical Church of Christ (Cathedral),12513,05/09/2019,,,Y,,,,,,,,,,,,,,,,,
New Alresford,St John the Baptist,15518,06/09/2019,,,Y,,,,,,,,,,,,,,,,,
Wells,St Andrew (Cathedral),13876,08/09/2019,,,,Y,,,,,,,,,,,,,,,,
Worcester,Christ and BVM (Cathedral),11299,09/09/2019,,,Y,,,,,,,,,,,,,,,,,
Stroud,St Laurence,14747,10/09/2019,,,Y,,,,,,,,,,,,,,,,,
Hucknall,St Mary Magdalene,11776,10/09/2019,,,,,Y,,,,,,,,,,,,,,,
Great Cransley,St Andrew,11218,14/09/2019,,,Y,,,,,,,,,,,,,,,,,
Winlaton,St Paul,15300,12/10/2019,,,,,Y,,,,,,,,,,,,,,,
Ponteland,St Mary the Virgin,13739,12/10/2019,,,,,Y,,,,,,,,,,,,,,,
Ovingham,St Mary the Virgin,12130,12/10/2019,,,,,Y,,,,,,,,,,,,,,,
Newton Hall,St James,16593,12/10/2019,,,,,Y,,,,,,,,,,,,,,,
Birmingham,St Phillip (Cathedral),15513,10/11/2019,,,,Y,Y,,,,,,,,,,,,,,,
Birmingham,St Martin,14891,10/11/2019,,,,Y,Y,,,,,,,,,,,,,,,
Birmingham,St Chad (Cathedral),13032,10/11/2019,,,,,Y,,,,,,,,,,,,,,,
Birmingham,St Paul,12955,10/11/2019,,,,,Y,,,,,,,,,,,,,,,
Solihull,St Alphege,11354,11/11/2019,,,,Y,,,,,,,,,,,,,,,,
Darlington,Holy Trinity,14923,29/02/2020,,,,,Y,,,,,,,,,,,,,,,
Thrapston,St James,12688,13/08/2021,,,,,Y,,,,,,,,,,,,,,,
Raunds,St Peter,11998,13/08/2021,,,,,Y,,,,,,,,,,,,,,,
Isham,St Peter,10292,16/08/2021,,,,,Y,,,,,,,,,,,,,,,
Northampton,St Peter,15709,16/08/2021,,,,,Y,,,,,,,,,,,,,,,
Northampton,All Saints,12689,16/08/2021,,,,,Y,,,,,,,,,,,,,,,
Higham Ferrers,St Mary V,13375,16/08/2021,,,,,Y,,,,,,,,,,,,,,,
Spitalfields,Christ Church,13840,02/10/2021,,,Y,,,,,,,,,,,,,,,,,
Reading,St Mary (Minster),16674,03/10/2021,,,,Y,,,,,,,,,,,,,,,,
Caversham,St Peter,15422,03/10/2021,,,,Y,,,,,,,,,,,,,,,,
Fenham,St James and Basil,11810,20/11/2021,Y,,,,,,,,,,,,,,,,,,,
Northallerton,All Saints,12067,28/11/2021,,,,Y,Y,,,,,,,,,,,,,,,
Jesmond,St George,14507,04/12/2021,,,,Y,Y,,,,,,,,,,,,,,,
Benwell,St James,12449,04/12/2021,,,,,Y,,,,,,,,,,,,,,,
Handsworth,St Mary,10845,16/01/2022,Y,,,,,,,,,,,,,,,,,,,
Alnwick,St Michael,14007,21/01/2022,,Y,Y,,,,,,,,,,,,,,,,,
Berwick upon Tweed,Town Hall,16444,03/02/2022,,Y,Y,,,,,,,,,,,,,,,,,
York,All Saints,13714,26/02/2022,,,,,Y,,,,,,,,,,,,,,,
York,St Martin le Grand,15985,26/02/2022,,,,,Y,,,,,,,,,,,,,,,
York,St Olave,13479,26/02/2022,,,,,Y,,,,,,,,,,,,,,,
Pimlico,St Saviour,14962,06/03/2022,,,,Y,,,,,,,,,,,,,,,,
Westminster,St Stephen,12465,06/03/2022,,,,Y,,,,,,,,,,,,,,,,
Sheffield,St Peter and Paul (Cathedral),13787,03/04/2022,Y,Y,,Y,,"Rang a nice peal with CMM here, and failed one for MJLD's 50th. Also rang on Sunday with Izzy once or twice.",,,,,,,,,,,,,,
Sheffield,St Marie (Cathedral),10439,03/04/2022,,,,Y,,,,,,,,,,,,,,,,
Louth,St James,10236,17/04/2022,,,,Y,Y,,,,,,,,,,,,,,,
Whitehaven,St James,11872,30/04/2022,Y,,,,,,,,,,,,,,,,,,,
Oxenhope,St Mary,11937,17/06/2022,,,,,Y,,,,,,,,,,,,,,,
Otley,All Saints,13758,17/06/2022,,,,,Y,,,,,,,,,,,,,,,
Beckwithshaw,St Michael and All Angels,15608,17/06/2022,,,,,Y,,,,,,,,,,,,,,,
Barton,St Cuthbert and St Mary,10889,17/06/2022,,,,,Y,,,,,,,,,,,,,,,
Mytholmroyd,St Michael,16038,18/06/2022,,,,,Y,,,,,,,,,,,,,,,
Sowerby,St Peter,14448,18/06/2022,,,,,Y,,,,,,,,,,,,,,,
Northowram,St Matthew,16999,18/06/2022,,,,,Y,,,,,,,,,,,,,,,
Heptonstall,St Thomas,16233,18/06/2022,,,,,Y,,,,,,,,,,,,,,,
Oswaldtwistle,Immanuel,15566,19/06/2022,,,,,Y,,,,,,,,,,,,,,,
Accrington,St James,10851,19/06/2022,,,,,Y,,,,,,,,,,,,,,,
Burnley,St Peter,14659,19/06/2022,,,,,Y,,,,,,,,,,,,,,,
Todmorden,St Mary,16893,19/06/2022,,,,,Y,,,,,,,,,,,,,,,
Todmorden,Unitarian,17066,19/06/2022,,,,,Y,,,,,,,,,,,,,,,
Guiseley,St Oswald,13608,20/06/2022,,,Y,,Y,,,,,,,,,,,,,,,
Bingley,All Saints,16353,20/06/2022,,,,,Y,,,,,,,,,,,,,,,
Royal Leamington Spa,All Saints,15929,11/07/2022,,,Y,,,,,,,,,,,,,,,,,
Warwick,St Nicholas,15025,13/07/2022,,,Y,,,,,,,,,,,,,,,,,
Lichfield,Virgin Mary and St Chad (Cathedral),13701,17/07/2022,,,,Y,,,,,,,,,,,,,,,,
Inveraray,All Saints,15398,30/07/2022,,,Y,,,,,,,,,,,,,,,,,
Filey,St Oswald,13612,08/08/2022,,,,,Y,,,,,,,,,,,,,,,
Scarborough,St Mary,16922,08/08/2022,,,,,Y,,,,,,,,,,,,,,,
Scalby,St Laurence,13459,08/08/2022,,,,,Y,,,,,,,,,,,,,,,
Morpeth,Clock Tower,13176,03/03/2022,,Y,,,Y,,,,,,,,,,,,,,,
Limehouse,St Anne,14318,10/09/2022,Y,,,,,,,,,,,,,,,,,,,
Pontefract,All Saints,13179,08/10/2022,,,,,Y,,,,,,,,,,,,,,,
Pontefract,St Giles,12231,08/10/2022,,,,,Y,,,,,,,,,,,,,,,
Gainford,St Mary,11335,22/10/2022,,,,,Y,,,,,,,,,,,,,,,
Chester-le-Street,St Mary and St Cuthbert,13092,12/11/2022,,,Y,,Y,Nice spire with one of the most treacherous ladders I've attempted,,,,,,,,,,,,,,
Stretford,St Matthew,11318,18/11/2022,,,,,Y,,,,,,,,,,,,,,,
Bury,St Mary V,14175,19/11/2022,,,,,Y,,,,,,,,,,,,,,,
Stand,All Saints,15660,19/11/2022,,,,,Y,,,,,,,,,,,,,,,
Prestwich,St Mary V,15467,19/11/2022,,,,,Y,,,,,,,,,,,,,,,
Salford,Sacred Trinity,13054,19/11/2022,,,,,Y,,,,,,,,,,,,,,,
Oldham,St Mary,12889,19/11/2022,,,,,Y,,,,,,,,,,,,,,,
Newhey,St Thomas,10050,19/11/2022,,,,,Y,,,,,,,,,,,,,,,
Manchester,"St Mary, Denys and George (Cathedral)",12311,20/11/2022,,,,Y,Y,,,,,,,,,,,,,,,
St Albans,St Alban (Cathedral),15782,03/01/2023,,,Y,,,,,,,,,,,,,,,,,
Wakefield,All Saints (Cathedral),14172,10/01/2023,,,Y,,,,,,,,,,,,,,,,,
Edinburgh,St Mary (Cathedral),13737,14/01/2023,Y,,,,,,,,,,,,,,,,,,,
Edinburgh,St Andrew,12029,15/01/2023,,,,Y,,,,,,,,,,,,,,,,
Southwell,Virgin Mary (Cathedral),12847,21/01/2023,Y,,,,,,,,,,,,,,,,,,,
Wolverhampton,St Peter,14874,26/02/2023,Y,,,,,,,,,,,,,,,,,,,
Gosforth,All Saints,12171,11/03/2023,Y,,,,,,,,,,,,,,,,,,,
Whickham,St Mary,14984,15/04/2023,,,Y,,,,,,,,,,,,,,,,,
Dordrecht,T'Clockhouse,14275,21/04/2023,,Y,,,Y,,,,,,,,,,,,,,,
Dordrecht,Grote Kerk,17691,21/04/2023,Y,,,,Y,,,,,,,,,,,,,,,
Market Harborough,St Dionysius,12627,16/06/2023,,,,,Y,,,,,,,,,,,,,,,
Nottingham,All Saints,16412,16/06/2023,,,,,Y,,,,,,,,,,,,,,,
Nottingham,St Peter,16058,16/06/2023,,,Y,,Y,,,,,,,,,,,,,,,
Selby,St Mary and St Germain (Abbey),14413,16/06/2023,,,,,Y,,,,,,,,,,,,,,,
Wellingborough,All Hallows,16966,17/06/2023,,,,,Y,,,,,,,,,,,,,,,
Great Doddington,St Nicholas,10585,17/06/2023,,,,,Y,,,,,,,,,,,,,,,
Whilton,St Andrew,12138,18/06/2023,Y,,,,Y,My least-favourite bells to ring a peal on. But nice to do it for Hannah Baker's first.,,,,,,,,,,,,,,
Daventry,Holy Cross,14260,18/06/2023,,,,Y,Y,,,,,,,,,,,,,,,
Cardiff,St John the Baptist,12372,06/07/2023,,,Y,,,,,,,,,,,,,,,,,
Bradford,St Peter (Cathedral),10691,15/07/2023,Y,,,,,,,,,,,,,,,,,,,
Reading,St Giles,16811,30/07/2023,,,,Y,,,,,,,,,,,,,,,,
Blackburn,St Mary V (Cathedral),10297,03/09/2023,,,,Y,,,,,,,,,,,,,,,,
Easington,St Mary,13164,09/09/2023,,,Y,,,,,,,,,,,,,,,,,
Holborn,St Andrew,11081,07/10/2023,,,,,Y,,,,,,,,,,,,,,,
Edinburgh,St Cuthbert,15076,24/10/2023,,,Y,,,,,,,,,,,,,,,,,
Sunderland,St Ignatius,11083,02/12/2023,,,,,Y,,,,,,,,,,,,,,,
Youlgreave,All Saints,11474,10/12/2023,Y,,,,,,,,,,,,,,,,,,,
Brampton Ash,St Mary,16734,17/12/2023,,,,Y,,,,,,,,,,,,,,,,
Desborough,St Giles,15870,17/12/2023,,,,Y,,,,,,,,,,,,,,,,
Wetherby,St James,14249,06/01/2024,,,,,Y,,,,,,,,,,,,,,,
Tadcaster,St Mary,16039,06/01/2024,,,,,Y,,,,,,,,,,,,,,,
Sherburn in Elmet,All Saints,10803,06/01/2024,,,,,Y,,,,,,,,,,,,,,,
Knottingley,St Botolph,15888,06/01/2024,,,,,Y,,,,,,,,,,,,,,,
Newburn,St Michael and All Angels,17120,16/01/2024,,,Y,,,,,,,,,,,,,,,,,
Newcastle,St John,12945,14/01/2024,,,Y,,Y,"Been on a DUSCR tour or two, and to some 'Jim's girls' practices",,,,,,,,,,,,,,
Escrick,St Helen,11686,04/02/2024,,,Y,,,,,,,,,,,,,,,,,
Bristol,St Stephen,12993,23/02/2024,,,,,Y,,,,,,,,,,,,,,,
Bristol,Holy Trinity (Cathedral),10300,24/02/2024,,,,Y,,,,,,,,,,,,,,,,
Bristol ,All Saints,10331,24/02/2024,,,,Y,,,,,,,,,,,,,,,,
Bristol,St Mary V,12166,24/02/2024,,Y,,,,,,,,,,,,,,,,,,
Coventry,St Michael (Cathedral),15631,04/04/2024,,,Y,,,,,,,,,,,,,,,,,
Whitby,St Mary,10263,18/04/2024,,,Y,,Y,"Visited on the first Olivgarchy trip, and for Sam's birthday tour. Failed to visit on the ramblers stragglers trip.",,,,,,,,,,,,,,
Ashton under Lyne,St Michael & All Angels,10838,05/05/2024,Y,,,,,Visited on Jack's 12-grabbing trip. Were very difficult but did have ropes. Also had the most horrible church toilet I've ever encountered.,,,,,,,,,,,,,,
Macclesfield,St Michael & All Angels,15811,06/05/2024,Y,,,,,Unmemorable. Quite a swanky comfortable church. Got told off a lot for bad striking.,,,,,,,,,,,,,,
Hartlepool,All Saints,10564,12/05/2024,,,,,Y,Failed peal attempt with John Pladdys. Nice bells.,,,,,,,,,,,,,,
Allendale,St Cuthbert,15435,06/06/2024,,,,,Y,Very fun drive on the way there. Needed new brakes.,,,,,,,,,,,,,,
Lazonby,St Nicholas,13824,06/06/2024,,,,,Y,"My first 4. Nice view from the roof, and there was a cat at the co-op",,,,,,,,,,,,,,
Keswick,St Kentigern,16395,06/06/2024,,,,,Y,Big airy church with quite difficult bells. Very pretty surroundings.,,,,,,,,,,,,,,
Kirkby Ireleth,St Cuthbert,10138,07/06/2024,,,,,Y,,,,,,,,,,,,,,,
Dalton in Furness,St Mary,14596,07/06/2024,,,,,Y,,,,,,,,,,,,,,,
Great Urswick,St Mary V & St Michael,11113,07/06/2024,,,,,Y,Very old bell. Matthew left his jumper here.,,,,,,,,,,,,,,
Ambleside,St Mary,12386,07/06/2024,,,,,Y,"Largest tenor I've rung inside to major, up to that point. Sounded lovely.",,,,,,,,,,,,,,
Bowness on Windermere,St Martin,16242,08/06/2024,,,,,Y,,,,,,,,,,,,,,,
Milnthorpe ,St Thomas,14024,08/06/2024,,,,,Y,"Lottie's Home Tower, after Elizabeth crashed her car. Lovely bells.",,,,,,,,,,,,,,
Heversham,St Peter,11338,08/06/2024,,,,,Y,A very quick grab before my unplanned day out in Lancaster,,,,,,,,,,,,,,
Kendal,Holy Trinity,14976,08/06/2024,,,,,Y,Nice old 10. Characterful. I had new brakes so was more happy.,,,,,,,,,,,,,,
Crosthwaite,St Mary,13673,09/06/2024,,,,Y,,"Rang for a Sunday here. Nice view out the window, but the locals were quite baffled by us.",,,,,,,,,,,,,,
Greystoke,St Andrew,11350,10/06/2024,,,,,Y,A stay was broken and I got in trouble for breaking into the belfry. Whoops.,,,,,,,,,,,,,,
Sedburgh,St Andrew,10999,23/06/2024,,,,Y,,Sunday morning on James' birthday weekend. First time I've encountered belfry praying.,,,,,,,,,,,,,,
Kingston upon Hull,Undivided Trinity (Minster),10627,15/07/2024,,,Y,,,Very enjoyable practice with good pub. While at the NAM conference.,,,,,,,,,,,,,,
Tideswell,St John the Baptist,16875,09/08/2024,,Y,Y,Y,,Missed the second practice here due to an hour-long fish and chip queue. Lovely woodwork in the church.,,,,,,,,,,,,,,
Beeston,St John the Baptist,14670,10/08/2024,,,,,Y,,,,,,,,,,,,,,,
Stapleford,St Helen,13959,10/08/2024,,,,,Y,,,,,,,,,,,,,,,
Bulwell,St Mary V & All Souls,14775,10/08/2024,,,,,Y,I think this is the deepest-set bell I've encountered. Ophelia couldn't move it.,,,,,,,,,,,,,,
Hathersage,St Michael and All Angels,15666,11/08/2024,,Y,,,,Failed to ring grandsire so rang PB. Nice village with chips.,,,,,,,,,,,,,,
Bakewell,All Saints,10677,11/08/2024,,Y,,,,A circular ringing chamber. Madness,,,,,,,,,,,,,,
West Tanfield,St Nicholas,14291,19/10/2024,,,,,Y,"Had an interesting abandoned tower next door, I think",,,,,,,,,,,,,,
East Witton,St John the Evangelist,14989,19/10/2024,,,,,Y,Charlotte amusingly stalled her car outside this one,,,,,,,,,,,,,,
Masham,St Mary V,12583,19/10/2024,,,,,Y,"Nice market outside, didn't think much to the bells.",,,,,,,,,,,,,,
Hebburn,Meditation Centre,15621,26/10/2024,,,,,Y,Mythili broke a stay here and we couldn't fix it. Very manky,,,,,,,,,,,,,,
Westminster,St Martin in the Fields,15153,06/11/2024,,,Y,,,My first Cumberlands practice. They were quite hard.,,,,,,,,,,,,,,
Loughborough,All Saints,16752,30/11/2024,Y,,,,,Daniel Page's Birthday peal. Very nice bells.,,,,,,,,,,,,,,
Blackhill,Blessed Lady Immaculate,15235,07/12/2024,,,,,Y,A ladder through one of the wheels hindered ringing somewhat. But I'm assured they're lovely.,,,,,,,,,,,,,,
Wylam,St Oswin,16762,10/02/2025,,,Y,,,Visited a random practice with MPB and ODWH,,,,,,,,,,,,,,
Sedgefield,St Edmund,14053,13/02/2025,,,Y,,,"Visited a practice, sadly without MPB. Nice bells and new installation.",,,,,,,,,,,,,,
Meanwood,Holy Trinity,16276,15/02/2025,,,,,Y,"First successful test case for Brenda, for obvious reasons.",,,,,,,,,,,,,,
Saltburn by the Sea,Emmanuel,16946,21/03/2025,,,,,Y,Visited on Sam's birthday tour. Very nice-sounding bells.,,,,,,,,,,,,,,
Ugglebarnby,All Saints,13928,21/03/2025,,,,,Y,"My first three, and perhaps the most difficult bells I've encountered.",,,,,,,,,,,,,,
Middleton,St Andrew,15908,21/03/2025,,,,,Y,"We were very late due to wasting time at Ugglebarnby, which was silly",,,,,,,,,,,,,,
Beverley,St Mary,10618,22/03/2025,,,,Y,Y,The 12 bell stiking competition qualifier. Came not last.,,,,,,,,,,,,,,
Beverley,St John and St Martin (Minster),15335,23/03/2025,,,,Y,,Visited the morning after the 12 bell,,,,,,,,,,,,,,
Sharow,St John the Divine,15960,24/03/2025,,,Y,,,Visited with MPB and OEC after the Knaresborough trip. Preceding an eventful drive home,,,,,,,,,,,,,,
Northfield,St Laurence,10555,29/03/2025,,,,,Y,Unsuccessfully rang Riley's Realms. I put JEP right sometimes.,,,,,,,,,,,,,,
Moseley,St Mary,16431,29/03/2025,Y,,,,,Successfully rang Riley's Realms,,,,,,,,,,,,,,
Rugby,St Andrew (8),14482,30/03/2025,,,,Y,,"Rang on the 8 here, but not the 5. Had to break out of Estella's house to get there. ",,,,,,,,,,,,,,
Rochester,BVM (Cathedral),16583,03/04/2025,,,Y,,,"Very good beams, and a very nice place. Only tower I've ever been ID'd at. They call things down on 10, which is hard.",,,,,,,,,,,,,,
Guildford,Holy Spirit (Cathedral),14593,06/04/2025,,,,Y,,Visited on the morning of the IOW day with OEC. Liked the building and atmosphere a lot.,,,,,,,,,,,,,,
Exeter,St Peter (Cathedral),13963,07/04/2025,,,Y,,,"Very good tour of the roofspace beforehand, though Exeter was full of uncouth youths. Rang some very fancy stuff with esteemed company.",,,,,,,,,,,,,,
Truro,St Mary (Cathedral),15151,08/04/2025,,,Y,,,"Terribly difficult bells, and a very strange atmosphere. After failing called changes, attempted Stedman Cinques.",,,,,,,,,,,,,,
Kenwyn,St Keyne,11209,10/04/2025,,,Y,,,"Mavis threatened to die on the way here, which precluded enjoyment somewhat.",,,,,,,,,,,,,,
St Buryan,St Buriana,12575,11/04/2025,,,Y,,,The largest 6. Home to 'doll man'. I was immediately asked to do some teaching upon ascending the stairs.,,,,,,,,,,,,,,
Pershore,Holy Cross (Abbey),14267,13/04/2025,,,,Y,,Definitely the best tower access ever. Difficult bells though.,,,,,,,,,,,,,,
Dewsbury,All Saints (Minster),10877,26/04/2025,,Y,,,,On Alice's QP day. Difficult to hear.,,,,,,,,,,,,,,
Horbury,St Peter & St Leonard,15575,26/04/2025,,Y,,,,"Very nice QP, interesting backwards staircase. First quarter to be Brenda'd.",,,,,,,,,,,,,,
Dersingham,St Nicholas,12713,02/05/2025,,,,,Y,,,,,,,,,,,,,,,
Great Ryburgh,St Andrew,11436,02/05/2025,,,,,Y,My oldest tower to date (I think). Looked like a lighthouse.,,,,,,,,,,,,,,
Whissonsett,St Mary,15183,02/05/2025,,,,,Y,,,,,,,,,,,,,,,
Grimston,St Botolph,16951,02/05/2025,,,,,Y,,,,,,,,,,,,,,,
Great Massingham,St Mary,11581,02/05/2025,,,,,Y,"Utterly inaudible, but there were lots of ducks around. Esther could ring provided her hearing aid was outside the church.",,,,,,,,,,,,,,
King's Lynn,St Nicholas,10477,02/05/2025,,,,,Y,"The second-most impressive church in King's Lynn, but still very impressive. Nice old-fashioned bells.",,,,,,,,,,,,,,
Beetley,St Mary,14067,03/05/2025,,,,,Y,,,,,,,,,,,,,,,
Salle,St Peter and Paul,11524,03/05/2025,,,,,Y,Epic church. Very old bells. Loved it. Probably the oldest bell I've rung?,,,,,,,,,,,,,,
Yaxham,St Peter,11828,03/05/2025,,,,,Y,Perhaps the oldest door in the country was found up the tower. Only RCW could fit through it.,,,,,,,,,,,,,,
Lutton,St Nicholas,13833,04/05/2025,,,,,Y,,,,,,,,,,,,,,,
Gedney,St Mary Magdalene,13002,04/05/2025,,,,,Y,,,,,,,,,,,,,,,
Holbeach,All Saints,14527,04/05/2025,,,,,Y,"Impressive church, inaudible bells",,,,,,,,,,,,,,
Liverpool,Christ (Cathedral),13402,08/05/2025,Y,,Y,,,Biggest bells. Obvs.,,,,,,,,,,,,,,
Collingham,St Oswald,14920,13/05/2025,,,Y,,,Leeds branch learners' practice.,,,,,,,,,,,,,,
Cramlington,St Nicholas,11617,06/06/2025,,,,,Y,,,,,,,,,,,,,,,
Rothbury,All Saints,16258,06/06/2025,,,,,Y,"I thought these bells would be impressive, but they weren't really.",,,,,,,,,,,,,,
Bamburgh,St Aidan,12148,06/06/2025,,,,,Y,Had a square spiral staircase!,,,,,,,,,,,,,,
Embleton,Holy Trinity,13029,06/06/2025,,,,,Y,Nice staircase for standing on.,,,,,,,,,,,,,,
Helmsley,All Saints,13629,13/06/2025,,,,,Y,,,,,,,,,,,,,,,
Hessle,All Saints,11671,13/06/2025,,,,,Y,,,,,,,,,,,,,,,
Grimsby,St James (Minster),13717,14/06/2025,,,,,Y,"Interesting access, but very manky. Everyone was grumpy.",,,,,,,,,,,,,,
Stallingborough,St Peter and Paul,11665,14/06/2025,,,,,Y,We abandoned Lily to get a train,,,,,,,,,,,,,,
Goxhill,All Saints,16953,14/06/2025,,,,,Y,We abandoned Ophelia unintentionally,,,,,,,,,,,,,,
Barrow upon Humber,Holy Trinity,11981,14/06/2025,,,,,Y,Perhaps the worst plain course of PB11 ever rung,,,,,,,,,,,,,,
Claxby,St Mary,12072,15/06/2025,,,,Y,,,,,,,,,,,,,,,,
Tealby,All Saints,12337,15/06/2025,,,,,Y,,,,,,,,,,,,,,,
Walesby,All Saints,16848,15/06/2025,,,,,Y,Interesting church in the middle of nowhere. Tried and failed to ring a very quick QP,,,,,,,,,,,,,,
Market Rasen,St Thomas the Apostle,11067,15/06/2025,,,,,Y,,,,,,,,,,,,,,,
Caistor,St Peter and Paul,13804,15/06/2025,,,,,Y,,,,,,,,,,,,,,,
Barton upon Humber,St Mary,16222,16/06/2025,,,,,Y,,,,,,,,,,,,,,,
Bedale,St Gregory,13643,16/06/2025,,,,,Y,"Very nice church, a bit like a castle. Also the oldest bell over 20 cwt.",,,,,,,,,,,,,,
Cartmel,St Mary V (Priory),13233,21/06/2025,,,,,Y,"Very cool building, with a frame at the diagonal to the tower. ",,,,,,,,,,,,,,
Beetham,St Michael and All Angels,14390,21/06/2025,,,,,Y,Pretty path to the church. Attempted Rhubarb with DUSCR which made OEC grumpy. Fun lightning-ey drive home.,,,,,,,,,,,,,,
Ryton,Holy Cross,13571,23/07/2025,,,Y,,Y,"Visited a practice with MPB, OEC and ODWH. They couldn't ring with a tenor behind.",,,,,,,,,,,,,,
Glossop,All Saints,11294,09/08/2025,,,,,Y,,,,,,,,,,,,,,,
Mottram in Longendale,St Michael,12605,09/08/2025,,,,,Y,,,,,,,,,,,,,,,
Hyde,St George,12128,09/08/2025,,,,,Y,,,,,,,,,,,,,,,
Stockport,St Mary,14733,09/08/2025,,,,,Y,"Circular ringing room, and holes in the ceiling above which was an interesting explore",,,,,,,,,,,,,,
Castleton,St Edmund,13911,10/08/2025,,,,,Y,Failed a QP of Cambridge (or something like that) here,,,,,,,,,,,,,,
Hartington,St Giles,16698,10/08/2025,,Y,,,,EASB's first QP as conductor,,,,,,,,,,,,,,
Wormhill,St Margaret,11080,10/08/2025,,Y,,,,Tiny bells with no stays. Probably my fastest tower bell QP,,,,,,,,,,,,,,
Southport,Emmanuel,12232,15/08/2025,,,,Y,Y,"EASB's home tower. Very nice church and carpet. Rang for a couple of services, and failed a QP due to illness.",,,,,,,,,,,,,,
Crossens,St John,14178,17/08/2025,,,,Y,,Rang for Sunday service on the Southport Trip,,,,,,,,,,,,,,
Leek,St Edward the Confessor,11585,24/08/2025,,,,Y,,Rang for Sunday morning during the Oldies' bank holiday trip,,,,,,,,,,,,,,
Huntington,All Saints,10144,07/09/2025,,,,Y,,"Rang for Sunday service, preceding a nice sit on the grass by the river.",,,,,,,,,,,,,,
Howden,St Peter,12555,01/10/2025,,,Y,,,Visited a practice with Patrick. Very odd atmosphere but a cool tower.,,,,,,,,,,,,,,
Aldgate,St Botolph,12429,03/10/2025,,,Y,,,Visited a practice before the Cumberlands  AGM day,,,,,,,,,,,,,,
"London, Cornhill",St Michael,16131,04/10/2025,Y,,,,,Rang PAZORABS. Was horrendous due to lack of sleep.,,,,,,,,,,,,,,
Chester,BVM (Cathedral),15972,05/10/2025,,,,Y,,"Sunday morning service. Only rang some of the middle bells, alas.",,,,,,,,,,,,,,
Pocklington,All Saints,13839,04/11/2025,,,Y,,,Visited practice with AEB. There was a 12 year old's birthday so lots of free cake.,,,,,,,,,,,,,,
Leicester,St Martin (Cathedral),12250,23/12/2025,,,Y,,,"Two dogs attended this practice. Only rang the back 10, but good ringing and good pub.",,,,,,,,,,,,,,
Hoar Cross,Holy Angels,15683,03/01/2026,,,,,Y,Failed a peal attempt of the 147 after getting kicked out for taking too long. ,,,,,,,,,,,,,,
Abbots Bromley,The Campanile,25192,03/01/2026,Y,,,,,"Successfully rang a peal of the 147, making the lightest bells the 147 have been rung on. As opposed to the heaviest, which was the plan.",,,,,,,,,,,,,,
Acomb,St Stephen,13068,08/01/2026,,,Y,,,"Visited a practice. Not very nice bells The only black sally I've ever seen (apparently originally from Tadcaster), and was given some salt beef by a 91-year old.",,,,,,,,,,,,,,
Church Broughton,St Michael,14806,10/01/2026,,,,,Y,Oddstruck but nice 6 from a gallery. Had a 'church bassoon',,,,,,,,,,,,,,
Tutbury,St Mary the Virgin,14535,10/01/2026,,,,,Y,Perhaps the most-norman tower I've ever been up. Lovely Priory church.,,,,,,,,,,,,,,
Rolleston on Dove,St Mary,14612,10/01/2026,,,,,Y,Apparently lots of Nazis in the graveyard,,,,,,,,,,,,,,
Derby,St Peter,10354,10/01/2026,,,,,Y,"I ran this tower, lovely 8.",,,,,,,,,,,,,,
Breadsall,All Saints,14117,10/01/2026,,,,,Y,"Didn't really like these, but I think this may just be because I don't like light 10s",,,,,,,,,,,,,,
Walkley,St Mary,10267,10/01/2026,,Y,,,,Rang an impromptu quarter here with Izzy and some sheffield folk,,,,,,,,,,,,,,

